{"cameraMode":{"drawMode":0,"name":"Shaded","section":"Shading Mode"},"sceneLighting":true,"audioPlay":false,"sceneViewState":{"m_AlwaysRefresh":false,"showFog":true,"showSkybox":true,"showFlares":true,"showImageEffects":true,"showParticleSystems":true,"showVisualEffectGraphs":true,"m_FxEnabled":true},"in2DMode":false,"pivot":{"x":-8.755422592163086,"y":7.891010761260986,"z":12.049457550048829},"rotation":{"x":0.13822513818740846,"y":0.8591863512992859,"z":-0.31052491068840029,"w":0.38245412707328799},"size":0.8660253882408142,"orthographic":false}